prompt,output,timestamp
"Depuis le début du 21e siècle, les technologies numériques ont radicalement transformé la manière dont les sociétés communiquent, travaillent et accèdent à l'information. L'essor des smartphones, des réseaux sociaux et de l'intelligence artificielle a permis une connectivité sans précédent entre les individus, mais a également soulevé des questions éthiques majeures, notamment en matière de confidentialité, de désinformation et d'addiction numérique.

Dans le domaine professionnel, le télétravail est devenu une réalité pour des millions de personnes à la suite de la pandémie de COVID-19, accélérant une transition déjà amorcée vers une économie plus flexible et numérique. Toutefois, cette mutation s'accompagne de défis importants, comme l'isolement des employés, la sécurité des données et la redéfinition des espaces de travail traditionnels.

Par ailleurs, les systèmes éducatifs ont dû s'adapter en urgence à l'enseignement à distance, révélant de fortes inégalités d'accès aux outils technologiques entre les élèves. Si certaines écoles ont réussi à innover en utilisant des plateformes numériques interactives, d'autres ont été confrontées à des difficultés logistiques majeures.

Face à ces transformations rapides, les gouvernements, les entreprises et les citoyens sont appelés à repenser leurs usages numériques, à investir dans la formation aux compétences digitales et à développer des politiques publiques capables de garantir un usage éthique et inclusif des technologies.

","technologies numériques ont radicalement transformé la façon dont les sociétés communiquent, travaillent et accèdent à l'information . the technology a permis une connectivité sans précédent entre les individus, but a également soulevé des questions éthiques majeures, notamment en matière de confidentialité, de désinformation and d'addiction numérique .",2025-05-21 21:26:24.069050
